Curriculum,Circuits I Design Pattern,,,,,,,,,
Degree Plan,Calculus ready,,,,,,,,,
Institution,,,,,,,,,,
Degree Type,,,,,,,,,,
System Type,,,,,,,,,,
CIP,,,,,,,,,,
Courses,,,,,,,,,,
Course ID,Course Name,Prefix,Number,Prerequisites,Corequisites,Strict-Corequisites,Credit Hours,Institution,Canonical Name,Term
1,Calculus I,,,,,,4,,,1
2,Calculus II,,,1,,,4,,,2
3,Physics I,,,1,,,4,,,2
4,Programming I,,,1,,,3,,,2
5,Calculus III,,,2,,,4,,,3
6,Differential Eqs.,,,2,,,3,,,3
7,Circuits I,,,"4,3,6",,,3,,,4