Curriculum,Circuits I Design Pattern,,,,,,,,,
Degree Plan,Reformed - Precalculus ready,,,,,,,,,
Institution,,,,,,,,,,
Degree Type,,,,,,,,,,
System Type,,,,,,,,,,
CIP,,,,,,,,,,
Courses,,,,,,,,,,
Course ID,Course Name,Prefix,Number,Prerequisites,Corequisites,Strict-Corequisites,Credit Hours,Institution,Canonical Name,Term
1,Engineering 101,,,,,,3,,,1
2,Calculus I,,,1,,,4,,,2
3,Calculus II,,,2,,,4,,,3
4,Physics I,,,2,,,4,,,3
5,Programming I,,,2,,,3,,,2
6,Calculus III,,,3,,,4,,,4
7,Differential Eqs.,,,3,,,3,,,5
8,Circuits I,,,1,,,3,,,4